-- phpMyAdmin SQL Dump
-- version 5.2.1
-- https://www.phpmyadmin.net/
--
-- Host: 127.0.0.1
-- Generation Time: May 11, 2023 at 01:22 PM
-- Server version: 10.4.20-MariaDB
-- PHP Version: 8.2.3

SET SQL_MODE = "NO_AUTO_VALUE_ON_ZERO";
START TRANSACTION;
SET time_zone = "+00:00";


/*!40101 SET @OLD_CHARACTER_SET_CLIENT=@@CHARACTER_SET_CLIENT */;
/*!40101 SET @OLD_CHARACTER_SET_RESULTS=@@CHARACTER_SET_RESULTS */;
/*!40101 SET @OLD_COLLATION_CONNECTION=@@COLLATION_CONNECTION */;
/*!40101 SET NAMES utf8mb4 */;

--
-- Database: `dbpos`
--

-- --------------------------------------------------------

--
-- Table structure for table `jenis_produk`
--

CREATE TABLE `jenis_produk` (
  `id` int(11) NOT NULL,
  `nama` varchar(45) DEFAULT NULL,
  `ket` varchar(45) DEFAULT NULL
) ENGINE=InnoDB DEFAULT CHARSET=utf8;

--
-- Dumping data for table `jenis_produk`
--

INSERT INTO `jenis_produk` (`id`, `nama`, `ket`) VALUES
(1, 'Elektronik', 'tersedia'),
(2, 'Furniture', 'tersedia'),
(3, 'Makanan', 'tersedia'),
(4, 'Minuman', 'tersedia'),
(5, 'Komputer', 'tersedia');

-- --------------------------------------------------------

--
-- Table structure for table `kartu`
--

CREATE TABLE `kartu` (
  `id` int(11) NOT NULL,
  `kode` varchar(6) DEFAULT NULL,
  `nama` varchar(45) DEFAULT NULL,
  `diskon` double DEFAULT NULL,
  `iuran` double DEFAULT NULL
) ENGINE=InnoDB DEFAULT CHARSET=utf8;

--
-- Dumping data for table `kartu`
--

INSERT INTO `kartu` (`id`, `kode`, `nama`, `diskon`, `iuran`) VALUES
(1, 'GOLD', 'Golden Utama', 0.05, 100000),
(2, 'PLAT', 'Platinum Jaya', 0.1, 150000),
(3, 'SLV', 'Silver', 0.025, 50000),
(4, 'NO', 'Non Member', 0, 0),
(5, 'BRNZ', 'Bronze Member', 0.01, 20000);

-- --------------------------------------------------------

--
-- Table structure for table `pelanggan`
--

CREATE TABLE `pelanggan` (
  `id` int(11) NOT NULL,
  `kode` varchar(10) DEFAULT NULL,
  `nama` varchar(45) DEFAULT NULL,
  `jk` char(1) DEFAULT NULL,
  `tmp_lahir` varchar(30) DEFAULT NULL,
  `tgl_lahir` date DEFAULT NULL,
  `email` varchar(45) DEFAULT NULL,
  `kartu_id` int(11) NOT NULL
) ENGINE=InnoDB DEFAULT CHARSET=utf8mb4;

--
-- Dumping data for table `pelanggan`
--

INSERT INTO `pelanggan` (`id`, `kode`, `nama`, `jk`, `tmp_lahir`, `tgl_lahir`, `email`, `kartu_id`) VALUES
(1, 'C001', 'Khoirul Akhi', 'L', 'Jember', '1999-12-22', 'khoirul@gmail.com', 1),
(2, 'C002', 'Dida', 'L', 'Jember', '1998-12-31', 'dida@gmail.com', 3),
(3, 'C003', 'Masya', 'P', 'Jember', '2001-03-31', 'masya@gmail.com', 4);

-- --------------------------------------------------------

--
-- Table structure for table `pembayaran`
--

CREATE TABLE `pembayaran` (
  `id` int(11) NOT NULL,
  `nokuitansi` varchar(10) DEFAULT NULL,
  `tanggal` date DEFAULT NULL,
  `jumlah` double DEFAULT NULL,
  `ke` int(11) DEFAULT NULL,
  `pesanan_id` int(11) NOT NULL,
  `status_pembayaran` varchar(25) DEFAULT NULL
) ENGINE=InnoDB DEFAULT CHARSET=utf8;

--
-- Dumping data for table `pembayaran`
--

INSERT INTO `pembayaran` (`id`, `nokuitansi`, `tanggal`, `jumlah`, `ke`, `pesanan_id`, `status_pembayaran`) VALUES
(1, 'KI001', '2023-03-10', 11000, 1, 11, 'lunas'),
(2, 'KI002', '2023-09-12', 4000, 2, 12, 'belum lunas'),
(5, 'KI003', '2023-09-12', 5000, 2, 12, 'lunas');

-- --------------------------------------------------------

--
-- Table structure for table `pembelian`
--

CREATE TABLE `pembelian` (
  `id` int(11) NOT NULL,
  `tanggal` varchar(45) DEFAULT NULL,
  `nomor` varchar(10) DEFAULT NULL,
  `produk_id` int(11) DEFAULT NULL,
  `jumlah` int(11) DEFAULT NULL,
  `harga` double DEFAULT NULL,
  `vendor_id` int(11) DEFAULT NULL
) ENGINE=InnoDB DEFAULT CHARSET=utf8;

--
-- Dumping data for table `pembelian`
--

INSERT INTO `pembelian` (`id`, `tanggal`, `nomor`, `produk_id`, `jumlah`, `harga`, `vendor_id`) VALUES
(1, '2019-10-10', 'P001', 1, 2, 3500000, 1),
(2, '2019-11-20', 'P002', 2, 5, 5500000, 2),
(3, '2019-12-12', 'P003', 2, 5, 5400000, 1),
(4, '2020-01-20', 'P004', 7, 200, 1800, 3),
(5, '2020-01-20', 'P005', 5, 100, 2300, 3);

-- --------------------------------------------------------

--
-- Table structure for table `pesanan`
--

CREATE TABLE `pesanan` (
  `id` int(11) NOT NULL,
  `tanggal` date DEFAULT NULL,
  `total` double DEFAULT NULL,
  `pelanggan_id` int(11) NOT NULL
) ENGINE=InnoDB DEFAULT CHARSET=utf8;

--
-- Dumping data for table `pesanan`
--

INSERT INTO `pesanan` (`id`, `tanggal`, `total`, `pelanggan_id`) VALUES
(1, '2023-05-08', 3800000, 3),
(2, '2023-04-05', 2000000, 1);

-- --------------------------------------------------------

--
-- Table structure for table `pesanan_items`
--

CREATE TABLE `pesanan_items` (
  `id` int(11) NOT NULL,
  `produk_id` int(11) NOT NULL,
  `pesanan_id` int(11) NOT NULL,
  `qty` int(11) DEFAULT NULL,
  `harga` double DEFAULT NULL
) ENGINE=InnoDB DEFAULT CHARSET=utf8;

--
-- Dumping data for table `pesanan_items`
--

INSERT INTO `pesanan_items` (`id`, `produk_id`, `pesanan_id`, `qty`, `harga`) VALUES
(1, 1, 1, 1, 3800000),
(2, 1, 2, 1, 2000000);

--
-- Triggers `pesanan_items`
--
DELIMITER $$
CREATE TRIGGER `keranjang_pesanan_items` BEFORE INSERT ON `pesanan_items` FOR EACH ROW BEGIN
SET @stok = (SELECT stok FROM produk WHERE id = NEW.produk_id);
SET @sisa = @stok - NEW.qty;
IF @sisa < 0 THEN
SIGNAL SQLSTATE '45000' SET MESSAGE_TEXT = 'Warning: stok tidak Cukup';
END IF;
UPDATE produk SET stok = @sisa WHERE id = NEW.produk_id;
END
$$
DELIMITER ;
DELIMITER $$
CREATE TRIGGER `transaksi_update_before` BEFORE UPDATE ON `pesanan_items` FOR EACH ROW BEGIN
    IF OLD.id = NEW.produk_id THEN
    SET @stok = (SELECT stok FROM produk WHERE id = OLD.produk_id);
    SET @sisa = (@stok + OLD.qty) - NEW.qty;
    IF @sisa < 0 THEN
    SIGNAL SQLSTATE '45000' SET MESSAGE_TEXT = 'Warning: stok tidak cukup';
    END IF;
    UPDATE produk SET stok = @sisa WHERE id = OLD.produk_id;
    ELSE
    SET @stok_lama = (SELECT stok FROM produk WHERE id = OLD.produk_id);
    SET @sisa_lama = (@stok_lama + OLD.qty);
    UPDATE produk SET stok = @sisa_lama WHERE id = OLD.produk_id;
    SET @stok_baru = (SELECT stok FROM produk WHERE id = NEW.produk_id);
    SET @sisa_baru = @stok_baru - NEW.qty;
    IF @sisa_baru < 0 THEN
    SIGNAL SQLSTATE '45000' SET MESSAGE_TEXT = 'Warning: stok tidak tersedia';
    END IF;
    UPDATE produk SET stok = @sisa_baru WHERE id = NEW.produk_id;
    END IF;
    END
$$
DELIMITER ;

-- --------------------------------------------------------

--
-- Stand-in structure for view `pesanan_produk_vw`
-- (See below for the actual view)
--
CREATE TABLE `pesanan_produk_vw` (
`pesanan_id` int(11)
,`pelanggan_nama` varchar(45)
,`pelanggan_email` varchar(45)
,`produk_nama` varchar(45)
,`harga_beli` double
,`harga_jual` double
,`qty` int(11)
,`harga` double
);

-- --------------------------------------------------------

--
-- Table structure for table `produk`
--

CREATE TABLE `produk` (
  `id` int(11) NOT NULL,
  `kode` varchar(10) DEFAULT NULL,
  `nama` varchar(45) DEFAULT NULL,
  `harga_beli` double DEFAULT NULL,
  `harga_jual` double DEFAULT NULL,
  `stok` int(11) DEFAULT NULL,
  `min_stok` int(11) DEFAULT NULL,
  `jenis_produk_id` int(11) NOT NULL
) ENGINE=InnoDB DEFAULT CHARSET=utf8;

--
-- Dumping data for table `produk`
--

INSERT INTO `produk` (`id`, `kode`, `nama`, `harga_beli`, `harga_jual`, `stok`, `min_stok`, `jenis_produk_id`) VALUES
(1, 'GPU01', 'ZOTAC GeForce® GTX 1050 Ti Mini', 1500000, 2000000, 28, 1, 5),
(2, 'GPU02', 'ROG Strix GeForce RTX 2060 EVO V2 OC Edition ', 3000000, 3800000, 30, 1, 5),
(3, 'GPU03', 'GeForce GTX 1650 GAMING X 4G', 2100000, 2300000, 30, 1, 5),
(4, 'HP01', 'Apple iPhone 11 Pro', 6000000, 7000000, 30, 1, 1),
(5, 'HP02', 'Apple iPhone 12 Pro', 7000000, 9000000, 32, 1, 1),
(6, 'TP01', 'Teh Pucuk', 2000, 3000, 65, 1, 4),
(7, 'MNT01', 'Lenovo D21', 1800000, 2200000, 21, 1, 5),
(8, 'HS01', 'dbE DJ80', 200000, 250000, 20, 1, 1),
(9, 'HS02', 'dbE GM500', 300000, 350000, 22, 1, 1);

-- --------------------------------------------------------

--
-- Table structure for table `vendor`
--

CREATE TABLE `vendor` (
  `id` int(11) NOT NULL,
  `nomor` varchar(4) NOT NULL,
  `nama` varchar(40) NOT NULL,
  `kota` varchar(30) DEFAULT NULL,
  `kontak` varchar(40) DEFAULT NULL
) ENGINE=InnoDB DEFAULT CHARSET=latin1;

--
-- Dumping data for table `vendor`
--

INSERT INTO `vendor` (`id`, `nomor`, `nama`, `kota`, `kontak`) VALUES
(1, 'V001', 'PT Guna Samudra', 'Surabaya', 'Ali Nurdin'),
(2, 'V002', 'PT Pondok C9', 'Depok', 'Putri Ramadhani'),
(3, 'V003', 'CV Jaya Raya Semesta', 'Jakarta', 'Dwi Rahayu'),
(4, 'V004', 'PT Lekulo X', 'Kebumen', 'Mbambang G'),
(5, 'V005', 'PT IT Prima', 'Jakarta', 'David W');

-- --------------------------------------------------------

--
-- Structure for view `pesanan_produk_vw`
--
DROP TABLE IF EXISTS `pesanan_produk_vw`;

CREATE ALGORITHM=UNDEFINED DEFINER=`root`@`localhost` SQL SECURITY DEFINER VIEW `pesanan_produk_vw`  AS SELECT `p`.`id` AS `pesanan_id`, `pe`.`nama` AS `pelanggan_nama`, `pe`.`email` AS `pelanggan_email`, `pr`.`nama` AS `produk_nama`, `pr`.`harga_beli` AS `harga_beli`, `pr`.`harga_jual` AS `harga_jual`, `pi`.`qty` AS `qty`, `pi`.`harga` AS `harga` FROM (((`pesanan` `p` join `pelanggan` `pe` on(`p`.`pelanggan_id` = `pe`.`id`)) join `pesanan_items` `pi` on(`p`.`id` = `pi`.`pesanan_id`)) join `produk` `pr` on(`pi`.`produk_id` = `pr`.`id`)) ;

--
-- Indexes for dumped tables
--

--
-- Indexes for table `jenis_produk`
--
ALTER TABLE `jenis_produk`
  ADD PRIMARY KEY (`id`);

--
-- Indexes for table `kartu`
--
ALTER TABLE `kartu`
  ADD PRIMARY KEY (`id`),
  ADD UNIQUE KEY `kode_UNIQUE` (`kode`);

--
-- Indexes for table `pelanggan`
--
ALTER TABLE `pelanggan`
  ADD PRIMARY KEY (`id`),
  ADD KEY `fk_pelanggan_kartu1` (`kartu_id`);

--
-- Indexes for table `pembayaran`
--
ALTER TABLE `pembayaran`
  ADD PRIMARY KEY (`id`),
  ADD UNIQUE KEY `nokuitansi_UNIQUE` (`nokuitansi`),
  ADD KEY `fk_pembayaran_pesanan1_idx` (`pesanan_id`);

--
-- Indexes for table `pembelian`
--
ALTER TABLE `pembelian`
  ADD PRIMARY KEY (`id`),
  ADD UNIQUE KEY `nomor_UNIQUE` (`nomor`),
  ADD KEY `produk_id` (`produk_id`),
  ADD KEY `vendor_id` (`vendor_id`);

--
-- Indexes for table `pesanan`
--
ALTER TABLE `pesanan`
  ADD PRIMARY KEY (`id`),
  ADD KEY `fk_pesanan_customer_idx` (`pelanggan_id`);

--
-- Indexes for table `pesanan_items`
--
ALTER TABLE `pesanan_items`
  ADD PRIMARY KEY (`id`),
  ADD KEY `fk_pesanan_items_pesanan1_idx` (`pesanan_id`),
  ADD KEY `fk_pesanan_items_produk1_idx` (`produk_id`);

--
-- Indexes for table `produk`
--
ALTER TABLE `produk`
  ADD PRIMARY KEY (`id`),
  ADD UNIQUE KEY `kode_UNIQUE` (`kode`),
  ADD KEY `fk_produk_jenis_produk1_idx` (`jenis_produk_id`);

--
-- Indexes for table `vendor`
--
ALTER TABLE `vendor`
  ADD PRIMARY KEY (`id`),
  ADD UNIQUE KEY `nomor` (`nomor`);

--
-- AUTO_INCREMENT for dumped tables
--

--
-- AUTO_INCREMENT for table `jenis_produk`
--
ALTER TABLE `jenis_produk`
  MODIFY `id` int(11) NOT NULL AUTO_INCREMENT, AUTO_INCREMENT=6;

--
-- AUTO_INCREMENT for table `kartu`
--
ALTER TABLE `kartu`
  MODIFY `id` int(11) NOT NULL AUTO_INCREMENT, AUTO_INCREMENT=6;

--
-- AUTO_INCREMENT for table `pelanggan`
--
ALTER TABLE `pelanggan`
  MODIFY `id` int(11) NOT NULL AUTO_INCREMENT, AUTO_INCREMENT=4;

--
-- AUTO_INCREMENT for table `pembayaran`
--
ALTER TABLE `pembayaran`
  MODIFY `id` int(11) NOT NULL AUTO_INCREMENT, AUTO_INCREMENT=6;

--
-- AUTO_INCREMENT for table `pembelian`
--
ALTER TABLE `pembelian`
  MODIFY `id` int(11) NOT NULL AUTO_INCREMENT, AUTO_INCREMENT=6;

--
-- AUTO_INCREMENT for table `pesanan`
--
ALTER TABLE `pesanan`
  MODIFY `id` int(11) NOT NULL AUTO_INCREMENT, AUTO_INCREMENT=3;

--
-- AUTO_INCREMENT for table `pesanan_items`
--
ALTER TABLE `pesanan_items`
  MODIFY `id` int(11) NOT NULL AUTO_INCREMENT, AUTO_INCREMENT=3;

--
-- AUTO_INCREMENT for table `produk`
--
ALTER TABLE `produk`
  MODIFY `id` int(11) NOT NULL AUTO_INCREMENT, AUTO_INCREMENT=10;

--
-- AUTO_INCREMENT for table `vendor`
--
ALTER TABLE `vendor`
  MODIFY `id` int(11) NOT NULL AUTO_INCREMENT, AUTO_INCREMENT=6;

--
-- Constraints for dumped tables
--

--
-- Constraints for table `pelanggan`
--
ALTER TABLE `pelanggan`
  ADD CONSTRAINT `fk_pelanggan_kartu1` FOREIGN KEY (`kartu_id`) REFERENCES `kartu` (`id`) ON DELETE NO ACTION ON UPDATE NO ACTION;

--
-- Constraints for table `pembayaran`
--
ALTER TABLE `pembayaran`
  ADD CONSTRAINT `fk_pembayaran_pesanan1` FOREIGN KEY (`pesanan_id`) REFERENCES `pesanan_items` (`pesanan_id`) ON DELETE NO ACTION ON UPDATE CASCADE;

--
-- Constraints for table `pembelian`
--
ALTER TABLE `pembelian`
  ADD CONSTRAINT `pembelian_ibfk_1` FOREIGN KEY (`produk_id`) REFERENCES `produk` (`id`),
  ADD CONSTRAINT `pembelian_ibfk_2` FOREIGN KEY (`vendor_id`) REFERENCES `vendor` (`id`);

--
-- Constraints for table `pesanan`
--
ALTER TABLE `pesanan`
  ADD CONSTRAINT `fk_pesanan_customer` FOREIGN KEY (`pelanggan_id`) REFERENCES `pelanggan` (`id`) ON DELETE NO ACTION ON UPDATE CASCADE;

--
-- Constraints for table `pesanan_items`
--
ALTER TABLE `pesanan_items`
  ADD CONSTRAINT `fk_pesanan_items_pesanan1` FOREIGN KEY (`pesanan_id`) REFERENCES `pesanan` (`id`) ON DELETE NO ACTION ON UPDATE CASCADE,
  ADD CONSTRAINT `fk_pesanan_items_produk1` FOREIGN KEY (`produk_id`) REFERENCES `produk` (`id`) ON DELETE NO ACTION ON UPDATE CASCADE;

--
-- Constraints for table `produk`
--
ALTER TABLE `produk`
  ADD CONSTRAINT `fk_produk_jenis_produk1` FOREIGN KEY (`jenis_produk_id`) REFERENCES `jenis_produk` (`id`) ON DELETE NO ACTION ON UPDATE NO ACTION;
COMMIT;

/*!40101 SET CHARACTER_SET_CLIENT=@OLD_CHARACTER_SET_CLIENT */;
/*!40101 SET CHARACTER_SET_RESULTS=@OLD_CHARACTER_SET_RESULTS */;
/*!40101 SET COLLATION_CONNECTION=@OLD_COLLATION_CONNECTION */;
